model,crop,valid_folds,mean_r2,median_r2,std_r2,mean_mae,mean_rmse
current,bajra,8,-0.582699,-0.38778,0.5559,0.459232,0.583304
current,barley,8,-1.039033,-0.245961,1.941813,0.46294,0.59678
current,cotton,8,-0.100961,-0.131951,0.363282,0.769292,0.951965
current,jowar,8,0.142497,0.191741,0.335866,0.316742,0.434787
current,maize,6,0.038041,-0.009528,0.129825,1.771348,2.27576
current,onion,7,-0.755504,0.033035,1.472992,4.183705,5.310885
current,potato,8,0.035307,0.031958,0.093603,3.830262,5.147502
current,rice,8,-0.29735,-0.095566,0.63887,0.231499,0.3101
current,sugarcane,8,0.118102,0.16408,0.214447,7.960994,10.352873
current,tomato,8,-1.87485,-0.341203,3.234692,8.68682,11.397246
current,wheat,8,0.56104,0.548498,0.137721,0.34061,0.42795
temporal,bajra,8,-0.365241,-0.486908,0.455743,0.443596,0.544327
temporal,barley,8,-1.020685,-0.12586,1.77174,0.455963,0.58166
temporal,cotton,8,0.045328,0.131682,0.203455,0.726633,0.892238
temporal,jowar,8,0.2158,0.300922,0.412605,0.318173,0.410009
temporal,maize,6,0.217363,0.198832,0.225806,1.591861,2.039712
temporal,onion,7,-0.413068,0.139674,1.229445,3.733657,4.774359
temporal,potato,8,0.243116,0.279449,0.144294,3.361062,4.546646
temporal,rice,8,-0.155176,-0.030994,0.486336,0.228949,0.295164
temporal,sugarcane,8,0.336862,0.357907,0.240059,6.926978,8.93801
temporal,tomato,8,-0.401741,0.100109,0.942489,7.169562,9.151548
temporal,wheat,8,0.648111,0.704843,0.173378,0.305503,0.374995
veg_only,bajra,8,-0.52222,-0.784288,0.622843,0.460924,0.568256
veg_only,barley,8,-0.914365,-0.120421,1.717463,0.450856,0.575964
veg_only,cotton,8,0.069847,0.132787,0.142838,0.711021,0.881855
veg_only,jowar,8,0.240728,0.322479,0.400722,0.314553,0.405135
veg_only,maize,6,-0.068736,-0.060739,0.354936,1.823758,2.360285
veg_only,onion,7,-0.308238,0.31448,1.128591,3.579304,4.602759
veg_only,potato,8,0.235234,0.25773,0.138214,3.388258,4.570325
veg_only,rice,8,-0.185106,-0.040295,0.469338,0.230354,0.299219
veg_only,sugarcane,8,0.098923,0.162131,0.307407,8.150408,10.465607
veg_only,tomato,8,-1.167805,-0.261082,1.956165,8.403216,10.7312
veg_only,wheat,8,0.652331,0.714674,0.168677,0.299875,0.372571
