model,held_out_season,crop,n,r2,mae,rmse
current,2017-18,bajra,33,-1.698249,0.495297,0.601642
current,2017-18,barley,34,0.108264,0.258413,0.349553
current,2017-18,cotton,25,-0.050597,0.836149,1.131335
current,2017-18,jowar,34,-0.122731,0.366517,0.50437
current,2017-18,maize,34,-0.056842,2.129215,2.668873
current,2017-18,potato,33,0.160746,3.731123,4.604596
current,2017-18,rice,31,-0.828976,0.252883,0.317659
current,2017-18,sugarcane,30,-0.108155,9.505318,11.474218
current,2017-18,tomato,34,-8.884925,7.975124,9.948624
current,2017-18,wheat,34,0.525819,0.366154,0.443326
temporal,2017-18,bajra,33,-0.853039,0.443739,0.498585
temporal,2017-18,barley,34,-0.09326,0.283021,0.38704
temporal,2017-18,cotton,25,0.10051,0.8741,1.046818
temporal,2017-18,jowar,34,0.202877,0.327899,0.424985
temporal,2017-18,maize,34,0.160846,1.83769,2.378176
temporal,2017-18,potato,33,0.299135,3.341155,4.207868
temporal,2017-18,rice,31,-0.540038,0.246074,0.29149
temporal,2017-18,sugarcane,30,-0.162349,9.688609,11.751438
temporal,2017-18,tomato,34,-2.329398,4.956156,5.773766
temporal,2017-18,wheat,34,0.666418,0.330316,0.371837
veg_only,2017-18,bajra,33,-1.369634,0.500106,0.563816
veg_only,2017-18,barley,34,0.017204,0.275724,0.366966
veg_only,2017-18,cotton,25,0.138156,0.853755,1.024678
veg_only,2017-18,jowar,34,0.193139,0.330251,0.427573
veg_only,2017-18,maize,34,-0.046764,2.099824,2.656118
veg_only,2017-18,potato,33,0.270878,3.438329,4.291852
veg_only,2017-18,rice,31,-0.837178,0.261608,0.318371
veg_only,2017-18,sugarcane,30,-0.615461,12.373759,13.853866
veg_only,2017-18,tomato,34,-5.505261,7.119912,8.070653
veg_only,2017-18,wheat,34,0.660741,0.331068,0.374988
current,2018-19,bajra,34,-0.434979,0.385294,0.474745
current,2018-19,barley,34,-0.454754,0.360634,0.449499
current,2018-19,cotton,24,0.294447,0.658068,0.821703
current,2018-19,jowar,34,0.004533,0.336992,0.483812
current,2018-19,maize,34,0.005489,2.018084,2.458718
current,2018-19,onion,34,-3.318882,4.294732,5.185145
current,2018-19,potato,33,0.119776,3.568835,4.553401
current,2018-19,rice,31,0.018002,0.206665,0.29733
current,2018-19,sugarcane,31,-0.105676,7.628412,10.323089
current,2018-19,tomato,34,-4.6601,8.420989,10.514834
current,2018-19,wheat,34,0.571177,0.317134,0.394966
temporal,2018-19,bajra,34,-0.350112,0.366176,0.460492
temporal,2018-19,barley,34,-0.29288,0.362225,0.423753
temporal,2018-19,cotton,24,0.192117,0.733222,0.879274
temporal,2018-19,jowar,34,0.252309,0.287318,0.4193
temporal,2018-19,maize,34,0.236819,1.87738,2.153861
temporal,2018-19,onion,34,-2.915567,4.041681,4.937107
temporal,2018-19,potato,33,0.259763,3.315621,4.175654
temporal,2018-19,rice,31,-0.05957,0.243594,0.308851
temporal,2018-19,sugarcane,31,0.365033,5.893381,7.822964
temporal,2018-19,tomato,34,-1.230246,5.756139,6.600347
temporal,2018-19,wheat,34,0.484727,0.359431,0.432952
veg_only,2018-19,bajra,34,-0.849931,0.434941,0.539033
veg_only,2018-19,barley,34,-0.293065,0.3682,0.423784
veg_only,2018-19,cotton,24,0.194756,0.728123,0.877837
veg_only,2018-19,jowar,34,0.271061,0.296896,0.414008
veg_only,2018-19,maize,34,-0.181501,2.11208,2.679915
veg_only,2018-19,onion,34,-2.576561,3.751754,4.718545
veg_only,2018-19,potato,33,0.244581,3.325361,4.218259
veg_only,2018-19,rice,31,-0.104718,0.250112,0.315362
veg_only,2018-19,sugarcane,31,0.078315,7.197456,9.425125
veg_only,2018-19,tomato,34,-2.609681,7.685454,8.397013
veg_only,2018-19,wheat,34,0.491597,0.347038,0.430056
current,2019-20,bajra,34,-0.340582,0.443737,0.530416
current,2019-20,barley,18,-5.613544,0.356316,0.420069
current,2019-20,cotton,23,0.258132,0.511221,0.675714
current,2019-20,jowar,34,0.446561,0.307639,0.447962
current,2019-20,maize,34,0.18768,1.464714,2.188391
current,2019-20,onion,34,-2.376107,4.640355,5.779429
current,2019-20,potato,32,-0.069127,3.740555,5.334831
current,2019-20,rice,31,-1.612352,0.247479,0.328712
current,2019-20,sugarcane,31,-0.132582,8.03414,9.891376
current,2019-20,tomato,34,-0.363398,7.893199,9.298637
current,2019-20,wheat,34,0.330059,0.414337,0.573806
temporal,2019-20,bajra,34,-0.213564,0.45398,0.504663
temporal,2019-20,barley,18,-4.465536,0.316171,0.381874
temporal,2019-20,cotton,23,0.175951,0.489538,0.712158
temporal,2019-20,jowar,34,0.349535,0.354904,0.485644
temporal,2019-20,maize,34,0.426771,1.480181,1.838338
temporal,2019-20,onion,34,-1.156267,3.742913,4.618789
temporal,2019-20,potato,32,0.353407,3.212222,4.148792
temporal,2019-20,rice,31,-1.176974,0.216405,0.300072
temporal,2019-20,sugarcane,31,0.35078,6.441091,7.488899
temporal,2019-20,tomato,34,-0.597819,8.662128,10.066345
temporal,2019-20,wheat,34,0.56728,0.322043,0.461159
veg_only,2019-20,bajra,34,0.058286,0.401738,0.444559
veg_only,2019-20,barley,18,-4.808357,0.328473,0.393668
veg_only,2019-20,cotton,23,0.127417,0.501992,0.73283
veg_only,2019-20,jowar,34,0.373897,0.350456,0.476462
veg_only,2019-20,maize,34,0.429866,1.338782,1.83337
veg_only,2019-20,onion,34,-1.054501,3.689935,4.508479
veg_only,2019-20,potato,32,0.342373,3.273347,4.184039
veg_only,2019-20,rice,31,-0.963065,0.202219,0.284949
veg_only,2019-20,sugarcane,31,0.296055,6.041419,7.798147
veg_only,2019-20,tomato,34,-0.662157,8.980653,10.26701
veg_only,2019-20,wheat,34,0.572088,0.313683,0.45859
current,2020-21,bajra,34,0.081251,0.334025,0.422588
current,2020-21,barley,12,-1.77247,0.308108,0.331361
current,2020-21,cotton,22,0.256595,0.638009,0.784229
current,2020-21,jowar,34,0.386122,0.305332,0.442387
current,2020-21,onion,33,0.243992,3.94704,5.052267
current,2020-21,potato,29,-0.008215,3.816744,5.430669
current,2020-21,rice,31,0.049728,0.170147,0.227207
current,2020-21,sugarcane,30,0.238235,6.430061,7.924022
current,2020-21,tomato,26,-0.078703,11.066944,15.584091
current,2020-21,wheat,34,0.712874,0.252611,0.335082
temporal,2020-21,bajra,34,0.323563,0.304524,0.362604
temporal,2020-21,barley,12,-3.198266,0.372688,0.407759
temporal,2020-21,cotton,22,0.141512,0.606687,0.842747
temporal,2020-21,jowar,34,0.480249,0.290222,0.407061
temporal,2020-21,onion,33,0.373549,3.413791,4.599032
temporal,2020-21,potato,29,0.112625,3.75529,5.094837
temporal,2020-21,rice,31,-0.099524,0.200442,0.244399
temporal,2020-21,sugarcane,30,0.324223,5.987294,7.463404
temporal,2020-21,tomato,26,0.19033,9.418493,13.501577
temporal,2020-21,wheat,34,0.834365,0.211463,0.254502
veg_only,2020-21,bajra,34,0.400483,0.269614,0.341366
veg_only,2020-21,barley,12,-2.02212,0.316614,0.345958
veg_only,2020-21,cotton,22,0.149519,0.585654,0.838808
veg_only,2020-21,jowar,34,0.489767,0.272183,0.403316
veg_only,2020-21,onion,33,0.395379,3.424453,4.518191
veg_only,2020-21,potato,29,0.092292,3.744904,5.152879
veg_only,2020-21,rice,31,-0.177884,0.203892,0.252958
veg_only,2020-21,sugarcane,30,0.088811,7.240134,8.666414
veg_only,2020-21,tomato,26,0.018916,10.734841,14.862215
veg_only,2020-21,wheat,34,0.827421,0.216311,0.259782
current,2021-22,bajra,20,-0.247224,0.452861,0.559206
current,2021-22,barley,9,-0.168258,0.599247,0.680586
current,2021-22,cotton,22,-0.213305,0.881968,1.072991
current,2021-22,jowar,16,-0.191679,0.279345,0.329723
current,2021-22,maize,28,0.211669,1.410034,1.712597
current,2021-22,onion,34,0.373426,3.066896,3.838757
current,2021-22,potato,29,0.110353,3.334154,5.030091
current,2021-22,rice,31,0.029889,0.238153,0.332425
current,2021-22,sugarcane,30,0.444448,5.959999,7.942311
current,2021-22,tomato,30,-0.678256,10.813438,14.106628
current,2021-22,wheat,34,0.699825,0.263407,0.340082
temporal,2021-22,bajra,20,0.255108,0.349807,0.432162
temporal,2021-22,barley,9,0.086013,0.539159,0.601982
temporal,2021-22,cotton,22,0.134823,0.811798,0.906074
temporal,2021-22,jowar,16,-0.255809,0.263016,0.338479
temporal,2021-22,maize,28,0.514753,1.042996,1.343639
temporal,2021-22,onion,34,0.139674,3.690487,4.498172
temporal,2021-22,potato,29,0.397437,2.711217,4.139691
temporal,2021-22,rice,31,0.102821,0.243708,0.319685
temporal,2021-22,sugarcane,30,0.67113,5.360301,6.110782
temporal,2021-22,tomato,30,0.138062,7.306478,10.109557
temporal,2021-22,wheat,34,0.782313,0.220708,0.289609
veg_only,2021-22,bajra,20,0.095047,0.37965,0.476335
veg_only,2021-22,barley,9,-0.049405,0.574072,0.645038
veg_only,2021-22,cotton,22,0.168308,0.792952,0.888367
veg_only,2021-22,jowar,16,-0.08,0.245777,0.313893
veg_only,2021-22,maize,28,0.109376,1.425084,1.820322
veg_only,2021-22,onion,34,0.31448,3.006442,4.015268
veg_only,2021-22,potato,29,0.407696,2.739966,4.104302
veg_only,2021-22,rice,31,0.056978,0.252587,0.327751
veg_only,2021-22,sugarcane,30,0.360482,6.904429,8.5214
veg_only,2021-22,tomato,30,-0.251437,8.76207,12.181437
veg_only,2021-22,wheat,34,0.773011,0.22085,0.295733
current,2022-23,bajra,19,-0.335749,0.444137,0.587809
current,2022-23,barley,10,-0.323665,0.649932,0.895255
current,2022-23,cotton,22,-0.743045,1.041681,1.173836
current,2022-23,jowar,12,0.554874,0.298983,0.403207
current,2022-23,maize,27,-0.024546,2.051483,2.484839
current,2022-23,onion,34,0.033035,3.865135,4.977296
current,2022-23,potato,31,0.072131,3.601504,4.809406
current,2022-23,rice,31,-0.209134,0.237974,0.318076
current,2022-23,sugarcane,30,0.107944,8.307974,11.405387
current,2022-23,tomato,28,-0.319008,7.454792,10.164565
current,2022-23,wheat,34,0.70291,0.271104,0.329339
temporal,2022-23,bajra,19,-0.715715,0.538035,0.666187
temporal,2022-23,barley,10,-0.158461,0.656853,0.837526
temporal,2022-23,cotton,22,-0.402086,0.932828,1.052787
temporal,2022-23,jowar,12,0.624018,0.288131,0.37057
temporal,2022-23,maize,27,0.048642,1.803118,2.394444
temporal,2022-23,onion,34,0.392259,3.063474,3.945911
temporal,2022-23,potato,31,-0.044365,3.590137,5.102397
temporal,2022-23,rice,31,0.219082,0.193676,0.255621
temporal,2022-23,sugarcane,30,0.244808,7.316359,10.494042
temporal,2022-23,tomato,28,0.284493,6.001503,7.486382
temporal,2022-23,wheat,34,0.773605,0.222256,0.287497
veg_only,2022-23,bajra,19,-0.925122,0.571876,0.705672
veg_only,2022-23,barley,10,-0.157128,0.644623,0.837044
veg_only,2022-23,cotton,22,-0.233315,0.876288,0.987394
veg_only,2022-23,jowar,12,0.623345,0.285554,0.370901
veg_only,2022-23,maize,27,-0.074714,2.086457,2.54495
veg_only,2022-23,onion,34,0.410122,3.110593,3.88749
veg_only,2022-23,potato,31,-0.021334,3.569635,5.045824
veg_only,2022-23,rice,31,0.207522,0.197657,0.257506
veg_only,2022-23,sugarcane,30,0.092287,7.489744,11.505046
veg_only,2022-23,tomato,28,-0.048699,7.299293,9.063385
veg_only,2022-23,wheat,34,0.768607,0.225606,0.290653
current,2023-24,bajra,13,-1.05324,0.607293,0.741314
current,2023-24,barley,7,0.061436,0.438036,0.676355
current,2023-24,cotton,22,-0.307579,0.848908,1.003133
current,2023-24,jowar,9,-0.316652,0.367157,0.508596
current,2023-24,maize,27,-0.095205,1.554558,2.14114
current,2023-24,onion,34,0.126028,3.933564,5.090426
current,2023-24,potato,30,-0.093825,3.879166,4.812228
current,2023-24,rice,31,-0.240827,0.281476,0.394206
current,2023-24,sugarcane,29,0.280385,9.742941,12.196698
current,2023-24,tomato,30,0.040595,7.380338,9.38634
current,2023-24,wheat,34,0.47872,0.403195,0.465533
temporal,2023-24,bajra,13,-0.744462,0.545213,0.683302
temporal,2023-24,barley,7,-0.092236,0.497971,0.729627
temporal,2023-24,cotton,22,0.128542,0.642365,0.818931
temporal,2023-24,jowar,9,-0.533085,0.501515,0.548808
temporal,2023-24,maize,27,-0.083651,1.509799,2.129817
temporal,2023-24,onion,34,0.331613,3.454572,4.451634
temporal,2023-24,potato,30,0.324825,2.812309,3.780772
temporal,2023-24,rice,31,-0.002419,0.259506,0.354317
temporal,2023-24,sugarcane,29,0.509545,7.500214,10.069128
temporal,2023-24,tomato,30,0.268494,6.107727,8.196045
temporal,2023-24,wheat,34,0.33291,0.465586,0.526632
veg_only,2023-24,bajra,13,-0.868242,0.566261,0.707129
veg_only,2023-24,barley,7,-0.083714,0.493813,0.726775
veg_only,2023-24,cotton,22,0.048073,0.648231,0.855906
veg_only,2023-24,jowar,9,-0.564615,0.508023,0.554422
veg_only,2023-24,maize,27,-0.648681,1.880322,2.627035
veg_only,2023-24,onion,34,0.364946,3.451716,4.339212
veg_only,2023-24,potato,30,0.304907,2.849139,3.836135
veg_only,2023-24,rice,31,0.024129,0.257685,0.349594
veg_only,2023-24,sugarcane,29,0.25892,9.478405,12.377266
veg_only,2023-24,tomato,30,-0.013393,6.959272,9.646825
veg_only,2023-24,wheat,34,0.34815,0.457853,0.520582
current,2024-25,bajra,14,-0.632817,0.511212,0.748714
current,2024-25,barley,7,-0.149271,0.73283,0.971561
current,2024-25,cotton,22,-0.30234,0.738331,0.952779
current,2024-25,jowar,11,0.378949,0.271975,0.358238
current,2024-25,onion,34,-0.37002,5.538212,7.252876
current,2024-25,potato,32,-0.009384,4.970017,6.604797
current,2024-25,rice,31,0.414867,0.217217,0.265183
current,2024-25,sugarcane,29,0.220217,8.079108,11.665884
current,2024-25,tomato,34,-0.055005,8.489739,12.174248
current,2024-25,wheat,34,0.466934,0.436942,0.541468
temporal,2024-25,bajra,14,-0.623705,0.547296,0.746622
temporal,2024-25,barley,7,0.049144,0.619617,0.883722
temporal,2024-25,cotton,22,-0.108742,0.722527,0.879114
temporal,2024-25,jowar,11,0.60631,0.232375,0.285224
temporal,2024-25,onion,34,-0.056738,4.728684,6.36987
temporal,2024-25,potato,32,0.242104,4.150544,5.723161
temporal,2024-25,rice,31,0.315214,0.228184,0.286877
temporal,2024-25,sugarcane,29,0.391723,7.228573,10.303426
temporal,2024-25,tomato,34,0.062157,9.147874,11.478364
temporal,2024-25,wheat,34,0.743267,0.312223,0.375771
veg_only,2024-25,bajra,14,-0.718644,0.563205,0.76814
veg_only,2024-25,barley,7,0.081665,0.605331,0.868479
veg_only,2024-25,cotton,22,-0.03414,0.701177,0.849023
veg_only,2024-25,jowar,11,0.619232,0.227284,0.280504
veg_only,2024-25,onion,34,-0.011531,4.620232,6.232129
veg_only,2024-25,potato,32,0.240476,4.165382,5.729307
veg_only,2024-25,rice,31,0.313368,0.217076,0.287263
veg_only,2024-25,sugarcane,29,0.231976,8.477914,11.577589
veg_only,2024-25,tomato,34,-0.270727,9.68423,13.361062
veg_only,2024-25,wheat,34,0.777036,0.286588,0.350187
