model,held_out_season,valid_crops,mean_r2,median_r2,mean_mae,mean_rmse
current,2017-18,10,-1.095565,-0.082499,2.591619,3.20442
current,2018-19,11,-0.723724,0.004533,2.563258,3.26884
current,2019-20,11,-0.844115,-0.132582,2.550336,3.224486
current,2020-21,10,0.010941,0.159743,2.726902,3.65339
current,2021-22,11,0.033717,0.029889,2.481773,3.267763
current,2022-23,11,-0.044023,-0.024546,2.565882,3.413547
current,2023-24,11,-0.101833,-0.093825,2.676057,3.401452
current,2024-25,10,-0.003787,-0.032195,2.998558,4.153575
temporal,2017-18,10,-0.25483,0.003625,2.232876,2.7132
temporal,2018-19,11,-0.277964,0.192117,2.112379,2.601323
temporal,2019-20,11,-0.489676,0.175951,2.335598,2.818794
temporal,2020-21,10,-0.051737,0.256946,2.456089,3.317792
temporal,2021-22,11,0.269666,0.139674,2.049061,2.64453
temporal,2022-23,11,0.115116,0.219082,2.236943,2.990306
temporal,2023-24,11,0.040007,0.128542,2.208798,2.935365
temporal,2024-25,10,0.162073,0.152131,2.79179,3.733215
veg_only,2017-18,10,-0.709418,-0.01478,2.758434,3.194888
veg_only,2018-19,11,-0.485013,-0.104718,2.408856,2.948994
veg_only,2019-20,11,-0.480736,0.127417,2.311154,2.852918
veg_only,2020-21,10,0.026258,0.120905,2.70086,3.564189
veg_only,2021-22,11,0.17314,0.109376,2.300353,3.053622
veg_only,2022-23,11,0.058325,-0.021334,2.396121,3.226897
veg_only,2023-24,11,-0.075411,0.024129,2.504611,3.321898
veg_only,2024-25,10,0.122871,0.156821,2.954842,4.030368
